{"cameraMode":{"drawMode":0,"name":"Shaded","section":"Shading Mode"},"sceneLighting":true,"audioPlay":false,"sceneViewState":{"m_AlwaysRefresh":false,"showFog":true,"showSkybox":true,"showFlares":true,"showImageEffects":true,"showParticleSystems":true,"showVisualEffectGraphs":true,"m_FxEnabled":true},"in2DMode":false,"pivot":{"x":-15.927128791809082,"y":3.2589452266693117,"z":25.530902862548829},"rotation":{"x":0.002192322863265872,"y":-0.33663061261177065,"z":0.0019190657185390592,"w":0.9419679641723633},"size":15.83551025390625,"orthographic":false}