{"cameraMode":{"drawMode":0,"name":"Shaded","section":"Shading Mode"},"sceneLighting":true,"audioPlay":false,"sceneViewState":{"m_AlwaysRefresh":false,"showFog":true,"showSkybox":true,"showFlares":true,"showImageEffects":true,"showParticleSystems":true,"showVisualEffectGraphs":true,"m_FxEnabled":true},"in2DMode":false,"pivot":{"x":1.5172703266143799,"y":2.7179172039031984,"z":0.3286886215209961},"rotation":{"x":0.21158131957054139,"y":0.673618495464325,"z":-0.21080976724624635,"w":0.6760163307189941},"size":0.2474873661994934,"orthographic":false}